Unknown,"BXP,"Boston
Unknown,"F5,"Seattle
Unknown,"Nasdaq,"New York City
Unknown,"Nike, Accessories & Luxury Goods"
Unknown,"NVR,"Reston
Unknown,"Rollins,"Atlanta
Unknown,"Tapestry, Accessories & Luxury Goods"
Unknown,"Tesla,"Austin
Unknown,"UDR,"Highlands Ranch
Unknown,"Williams-Sonoma,"San Francisco
Unknown,"Workday,"Pleasanton
Unknown,Airbnb,"San Francisco
Unknown,Amcor, Bristol
Unknown,Apple Inc.,"Cupertino
Unknown,Ball Corporation,"Broomfield
Unknown,Booking Holdings,"Norwalk
Unknown,Carnival Corporation,"Miami
Unknown,Dell Technologies,"Round Rock
Unknown,Expedia Group,"Seattle
Unknown,Hewlett Packard Enterprise,"Houston
Unknown,Hilton Worldwide,"Tysons Corner
Unknown,HP Inc.,"Palo Alto
Unknown,Huntington Bancshares, Ohio; Detroit
Unknown,Kraft Heinz, Illinois; Pittsburgh
Unknown,Lululemon Athletica,"Vancouver
Unknown,Marriott International,"Bethesda
Unknown,NetApp,"San Jose
Unknown,Norwegian Cruise Line Holdings,"Miami-Dade County
Unknown,Ralph Lauren Corporation,"New York City
Unknown,Royal Caribbean Group,"Miami
Unknown,Sandisk,"Milpitas
Unknown,Seagate Technology,"Dublin
Unknown,Supermicro,"San Jose
Unknown,Western Digital,"San Jose
1957,3M, Minnesota"
1957,Abbott Laboratories, Illinois"
1957,Altria, Virginia"
1957,American Electric Power, Ohio"
1957,Archer Daniels Midland, Illinois"
1957,Boeing, Virginia"
1957,Bristol Myers Squibb, New York"
1957,Caterpillar Inc., Texas"
1957,Chevron Corporation, Texas"
1957,CMS Energy, Michigan"
1957,Coca-Cola Company (The), Georgia"
1957,Colgate-Palmolive, New York"
1957,ConocoPhillips, Texas"
1957,Consolidated Edison, New York"
1957,CSX Corporation, Florida"
1957,CVS Health, Rhode Island"
1957,Deere & Company, Illinois"
1957,DTE Energy, Michigan"
1957,Eaton Corporation, Ireland"
1957,Edison International, California"
1957,Entergy, Louisiana"
1957,Exelon, Illinois"
1957,ExxonMobil, Texas"
1957,Ford Motor Company, Michigan"
1957,GE Aerospace, Ohio"
1957,General Dynamics, Virginia"
1957,General Mills, Minnesota"
1957,Halliburton, Texas"
1957,Hartford (The), Connecticut"
1957,Hershey Company (The), Pennsylvania"
1957,Honeywell Technologies, North Carolina"
1957,IBM, New York"
1957,International Paper, Tennessee"
1957,Kimberly-Clark, Texas"
1957,Kroger, Ohio"
1957,Lockheed Martin, Maryland"
1957,Merck & Co., New Jersey"
1957,Motorola Solutions, Illinois"
1957,Norfolk Southern, Georgia"
1957,Northrop Grumman, Virginia[2]"
1957,Occidental Petroleum, Texas"
1957,PepsiCo, New York"
1957,Pfizer, New York"
1957,PPG Industries, Pennsylvania"
1957,Procter & Gamble, Ohio"
1957,Public Service Enterprise Group, New Jersey"
1957,RTX Corporation, Massachusetts"
1957,S&P Global, New York"
1957,Schlumberger, Texas"
1957,Southern Company, Georgia"
1957,Union Pacific Corporation, Nebraska"
1957,Xcel Energy, Minnesota"
1964,Sherwin-Williams, Ohio"
1965,Cummins, Indiana"
1965,Emerson Electric, Missouri"
1969,Clorox, California"
1969,Newmont, Colorado"
1970,Lilly (Eli), Indiana"
1970,McDonald's, Illinois"
1972,Baxter International, Illinois"
1972,Becton Dickinson, New Jersey"
1973,Genuine Parts Company, Georgia"
1973,Johnson & Johnson, New Jersey"
1975,JPMorgan Chase, New York"
1975,Williams Companies, Oklahoma"
1976,American Express, New York"
1976,Bank of America, North Carolina"
1976,Cigna, Connecticut"
1976,Duke Energy, North Carolina"
1976,Intel, California"
1976,International Flavors & Fragrances, New York"
1976,Molson Coors Beverage Company, Illinois"
1976,NextEra Energy, Florida"
1976,Target Corporation, Minnesota"
1976,Walt Disney Company (The), California"
1976,Wells Fargo, California"
1978,Textron, Rhode Island"
1979,Weyerhaeuser, Washington"
1980,American International Group, New York"
1980,FedEx, Tennessee"
1980,Paccar, Washington"
1981,Automatic Data Processing, New Jersey"
1981,Masco, Michigan"
1981,W. W. Grainger, Illinois"
1982,Brown–Forman, Kentucky"
1982,Snap-on, Wisconsin"
1982,Stanley Black & Decker, Connecticut"
1982,Walmart, Arkansas"
1983,AT&T, Texas"
1983,Verizon, New York"
1984,Hasbro, Rhode Island"
1984,Lowe's, North Carolina"
1984,PulteGroup, Georgia"
1985,Air Products, Pennsylvania"
1985,CenterPoint Energy, Texas"
1985,Dover Corporation, Illinois"
1985,Nucor, North Carolina"
1985,Parker Hannifin, Ohio"
1985,Revvity, Massachusetts"
1985,TJX Companies, Massachusetts"
1986,Illinois Tool Works, Illinois"
1986,Medtronic, Ireland"
1986,Sysco, Texas"
1987,Avery Dennison, Ohio"
1987,Marsh McLennan, New York"
1988,Citigroup, New York"
1988,Home Depot (The), Georgia"
1988,PNC Financial Services, Pennsylvania"
1989,Autodesk, California"
1989,Ecolab, Minnesota"
1989,Globe Life, Texas"
1989,Oracle Corporation, Texas"
1991,Ameren, Missouri"
1992,Amgen, California"
1992,Linde plc, United Kingdom"
1993,Cisco, California"
1993,Costco, Washington"
1993,Morgan Stanley, New York"
1994,KeyCorp, Ohio"
1994,Micron Technology, Idaho"
1994,Microsoft, Washington"
1994,Paramount Skydance Corporation, California"
1994,Southwest Airlines, Texas"
1994,UnitedHealth Group, Minnesota"
1995,Allstate, Illinois"
1995,Applied Materials, California"
1995,BNY Mellon, New York"
1995,Boston Scientific, Massachusetts"
1995,Corning Inc., New York"
1995,Darden Restaurants, Florida"
1995,Loews Corporation, New York"
1996,Aon plc, United Kingdom"
1996,Fifth Third Bancorp, Ohio"
1997,Adobe Inc., California"
1997,APA Corporation, Texas"
1997,AutoZone, Tennessee"
1997,Cardinal Health, Ohio"
1997,Charles Schwab Corporation, Texas"
1997,Cincinnati Financial, Ohio"
1997,Equifax, Georgia"
1997,FirstEnergy, Ohio"
1997,KLA Corporation, California"
1997,Omnicom Group, New York"
1997,Progressive Corporation, Ohio"
1997,Truist Financial, North Carolina"
1997,Yum! Brands, Kentucky"
1998,AES Corporation, Virginia"
1998,Capital One, Virginia"
1998,Danaher Corporation, D.C."
1998,Franklin Resources, California"
1998,Moody's Corporation, New York"
1998,Northern Trust, Illinois"
1998,Paychex, New York"
1998,Regions Financial Corporation, Alabama"
1998,Waste Management, Texas"
1999,Aflac, Georgia"
1999,Analog Devices, Massachusetts"
1999,Best Buy, Minnesota"
1999,McKesson Corporation, Texas"
1999,Pinnacle West Capital, Arizona"
1999,Qualcomm, California"
1999,U.S. Bancorp, Minnesota"
1999,Vulcan Materials Company, Alabama"
2000,Agilent Technologies, California"
2000,Devon Energy, Oklahoma"
2000,EOG Resources, Texas"
2000,Intuit, California"
2000,MetLife, New York"
2000,NiSource, Indiana"
2000,Rockwell Automation, Wisconsin"
2000,Starbucks, Washington"
2000,Stryker Corporation, Michigan"
2001,Cencora, Pennsylvania"
2001,Cintas, Ohio"
2001,Equity Residential, Illinois"
2001,Fiserv, Wisconsin"
2001,Nvidia, California"
2001,PPL Corporation, Pennsylvania"
2001,Texas Instruments, Texas"
2001,Zimmer Biomet, Indiana"
2002,Comcast, Pennsylvania"
2002,eBay Inc., California"
2002,Electronic Arts, California"
2002,Elevance Health, Indiana"
2002,Goldman Sachs, New York"
2002,Principal Financial Group, Iowa"
2002,Prudential Financial, New Jersey"
2002,Quest Diagnostics, New Jersey"
2002,Simon Property Group, Indiana"
2002,Travelers Companies (The), New York"
2002,United Parcel Service, Georgia"
2002,Valero Energy, Texas"
2002,Waters Corporation, Massachusetts"
2003,Biogen, Massachusetts"
2003,Gen Digital, Arizona"
2003,McCormick & Company, Maryland"
2003,Prologis, California"
2003,State Street Corporation, Massachusetts"
2004,Gilead Sciences, California"
2004,Labcorp, North Carolina"
2004,M&T Bank, New York"
2004,Thermo Fisher Scientific, Massachusetts"
2004,Viatris, Pennsylvania"
2005,Amazon, Washington"
2005,Ameriprise Financial, Minnesota"
2005,Constellation Brands, New York"
2005,D. R. Horton, Texas"
2005,Lennar, Florida"
2005,Public Storage, California"
2005,Tyson Foods, Arkansas"
2006,Alphabet Inc. (Class A), California"
2006,CBRE Group, Texas"
2006,CME Group, Illinois"
2006,Cognizant, New Jersey"
2006,Estée Lauder Companies (The), New York"
2006,Fidelity National Information Services, Florida"
2006,Kimco Realty, New York"
2006,Verisign, Virginia"
2007,Akamai Technologies, Massachusetts"
2007,American Tower, Massachusetts"
2007,Assurant, Georgia"
2007,AvalonBay Communities, Virginia"
2007,C.H. Robinson, Minnesota"
2007,Expeditors International, Washington"
2007,Host Hotels & Resorts, Maryland"
2007,Intercontinental Exchange, Georgia"
2007,Jacobs Solutions, Texas"
2007,Microchip Technology, Arizona"
2008,Amphenol, Connecticut"
2008,CF Industries, Illinois"
2008,DaVita, Colorado"
2008,Fastenal, Minnesota"
2008,Healthpeak Properties, Colorado"
2008,Intuitive Surgical, California"
2008,Invesco, Georgia"
2008,J.M. Smucker Company (The), Ohio"
2008,L3Harris, Florida"
2008,Mastercard, New York"
2008,Philip Morris International, New York"
2008,Republic Services, Arizona"
2008,Salesforce, California"
2008,WEC Energy Group, Wisconsin"
2008,Wynn Resorts, Nevada"
2009,Eversource Energy, Connecticut"
2009,Hormel Foods, Minnesota"
2009,Iron Mountain, New Hampshire"
2009,O’Reilly Automotive, Missouri"
2009,Quanta Services, Texas"
2009,Roper Technologies, Florida"
2009,Ross Stores, California"
2009,Ventas, Illinois"
2009,Visa Inc., California"
2009,Welltower, Ohio"
2010,Berkshire Hathaway, Nebraska"
2010,Chubb Limited, Switzerland"
2010,Johnson Controls, Ireland"
2010,Netflix, California"
2010,NRG Energy, Texas"
2010,Oneok, Oklahoma"
2010,Trane Technologies, Ireland"
2011,Accenture, Ireland"
2011,BlackRock, New York"
2011,Chipotle Mexican Grill, California"
2011,Dollar Tree, Virginia"
2011,Edwards Lifesciences, California"
2011,Freeport-McMoRan, Arizona"
2011,Marathon Petroleum, Ohio"
2011,Mosaic Company (The), Florida"
2011,TE Connectivity, Ireland"
2011,Xylem Inc., New York"
2012,AbbVie, Illinois"
2012,Aptiv, Switzerland"
2012,Crown Castle, Texas"
2012,Dollar General, Tennessee"
2012,Garmin, Switzerland"
2012,Humana, Kentucky"
2012,Kinder Morgan, Texas"
2012,Lam Research, California"
2012,LyondellBasell, Netherlands"
2012,Mondelez International, Illinois"
2012,Monster Beverage, California"
2012,Pentair, United Kingdom"
2012,Phillips 66, Texas"
2013,Allegion, Ireland"
2013,Ametek, Pennsylvania"
2013,Delta Air Lines, Georgia"
2013,General Motors, Michigan"
2013,Meta Platforms, California"
2013,News Corp (Class A), New York"
2013,Regeneron Pharmaceuticals, New York"
2013,Vertex Pharmaceuticals, Massachusetts"
2013,Zoetis, New Jersey"
2014,Alphabet Inc. (Class C), California"
2014,Broadcom, California"
2014,Essex Property Trust, California"
2014,Martin Marietta Materials, North Carolina"
2014,Tractor Supply, Tennessee"
2014,United Rentals, Connecticut"
2014,Universal Health Services, Pennsylvania"
2015,Church & Dwight, New Jersey"
2015,Equinix, California"
2015,HCA Healthcare, Tennessee"
2015,Henry Schein, New York"
2015,J.B. Hunt, Arkansas"
2015,News Corp (Class B), New York"
2015,PayPal, California"
2015,Realty Income, California"
2015,Skyworks Solutions, California"
2015,Synchrony Financial, Connecticut"
2015,United Airlines Holdings, Illinois"
2015,Verisk Analytics, New Jersey"
2016,Albemarle Corporation, North Carolina"
2016,Alliant Energy, Wisconsin"
2016,American Water Works, New Jersey"
2016,Arthur J. Gallagher & Co., Illinois"
2016,Centene Corporation, Missouri"
2016,Charter Communications, Connecticut"
2016,Citizens Financial Group, Rhode Island"
2016,Cooper Companies (The), California"
2016,Digital Realty, Texas"
2016,Dominion Energy, Virginia"
2016,Extra Space Storage, Utah"
2016,Federal Realty Investment Trust, Maryland"
2016,Fortive, Washington"
2016,Global Payments, Georgia"
2016,Howmet Aerospace, Pennsylvania"
2016,Mettler Toledo, Ohio"
2016,Mid-America Apartment Communities, Tennessee"
2016,TransDigm Group, Ohio"
2016,Ulta Beauty, Illinois"
2016,Willis Towers Watson, United Kingdom"
2017,A. O. Smith, Wisconsin"
2017,Advanced Micro Devices, California"
2017,Alexandria Real Estate Equities, California"
2017,Align Technology, Arizona"
2017,Baker Hughes, Texas"
2017,Cadence Design Systems, California"
2017,Cboe Global Markets, Illinois"
2017,Everest Group, Bermuda"
2017,Gartner, Connecticut"
2017,Idexx Laboratories, Maine"
2017,Incyte, Delaware"
2017,IQVIA, North Carolina"
2017,MGM Resorts, Nevada"
2017,Packaging Corporation of America, Illinois"
2017,Raymond James Financial, Florida"
2017,Regency Centers, Florida"
2017,ResMed, California"
2017,SBA Communications, Florida"
2017,Sempra, California"
2017,Synopsys, California"
2018,Arista Networks, California"
2018,Broadridge Financial Solutions, New York"
2018,Copart, Texas"
2018,Corpay, Georgia"
2018,Diamondback Energy, Texas"
2018,Evergy, Missouri"
2018,Fortinet, California"
2018,Huntington Ingalls Industries, Virginia"
2018,Jack Henry & Associates, Missouri"
2018,Keysight Technologies, California"
2018,MSCI Inc., New York"
2018,Take-Two Interactive, New York"
2019,Atmos Energy, Texas"
2019,CDW Corporation, Illinois"
2019,Corteva, Indiana"
2019,Dow Inc., Michigan"
2019,DuPont, Delaware"
2019,Fox Corporation (Class A), New York"
2019,Fox Corporation (Class B), New York"
2019,IDEX Corporation, Illinois"
2019,Las Vegas Sands, Nevada"
2019,Leidos, Virginia"
2019,Live Nation Entertainment, California"
2019,Old Dominion, North Carolina"
2019,ServiceNow, California"
2019,Steris, Ireland"
2019,T-Mobile US, Washington"
2019,T. Rowe Price, Maryland"
2019,W. R. Berkley Corporation, Connecticut"
2019,Wabtec, Pennsylvania"
2019,Zebra Technologies, Illinois"
2020,Carrier Global, Florida"
2020,Dexcom, California"
2020,Domino's, Michigan"
2020,Ingersoll Rand, North Carolina"
2020,Otis Worldwide, Connecticut"
2020,Teledyne Technologies, California"
2020,Teradyne, Massachusetts"
2020,Tyler Technologies, Texas"
2020,West Pharmaceutical Services, Pennsylvania"
2021,Bio-Techne, Minnesota"
2021,Brown & Brown, Florida"
2021,Charles River Laboratories, Massachusetts"
2021,FactSet, Connecticut"
2021,Generac, Wisconsin"
2021,Moderna, Massachusetts"
2021,Monolithic Power Systems, Washington"
2021,NXP Semiconductors, Netherlands"
2021,PTC Inc., Massachusetts"
2021,Trimble Inc., Colorado"
2022,Arch Capital Group, Bermuda"
2022,Camden Property Trust, Texas"
2022,Constellation Energy, Maryland"
2022,CoStar Group, D.C."
2022,EQT Corporation, Pennsylvania"
2022,First Solar, Arizona"
2022,Invitation Homes, Texas"
2022,Keurig Dr Pepper, Massachusetts"
2022,Nordson Corporation, Ohio"
2022,ON Semiconductor, Arizona"
2022,PG&E Corporation, California"
2022,Steel Dynamics, Indiana"
2022,Targa Resources, Texas"
2022,Vici Properties, New York"
2022,Warner Bros. Discovery, New York"
2023,Axon Enterprise, Arizona"
2023,Blackstone Inc., New York"
2023,Builders FirstSource, Texas"
2023,Bunge Global, Missouri"
2023,Fair Isaac, Montana"
2023,GE HealthCare, Illinois"
2023,Hubbell Incorporated, Connecticut"
2023,Insulet Corporation, Massachusetts"
2023,Jabil, Florida"
2023,Kenvue, New Jersey"
2023,Palo Alto Networks, California"
2023,Uber, California"
2023,Veralto, Massachusetts"
2024,Apollo Global Management, New York"
2024,CrowdStrike, Texas"
2024,Deckers Brands, California"
2024,Erie Indemnity, Pennsylvania"
2024,GE Vernova, Massachusetts"
2024,GoDaddy, Arizona"
2024,KKR & Co., New York"
2024,Lennox International, Texas"
2024,Palantir Technologies, Florida"
2024,Smurfit Westrock, Ireland"
2024,Solventum, Minnesota"
2024,Texas Pacific Land Corporation, Texas"
2024,Vistra Corp., Texas"
2025,"Block,none
2025,AppLovin, California"
2025,Ares Management, California"
2025,Carvana, Arizona"
2025,Coinbase, New York"
2025,Comfort Systems USA, Texas"
2025,CRH plc, Ireland"
2025,Datadog, New York"
2025,DoorDash, California"
2025,Emcor, Connecticut"
2025,Expand Energy, Oklahoma"
2025,Interactive Brokers, Connecticut"
2025,Qnity Electronics, Delaware"
2025,Robinhood Markets, California"
2025,TKO Group Holdings, New York"
2025,Trade Desk (The), California"
2026,Casey's, Iowa"
2026,Ciena, Maryland"
2026,Coherent Corp., Pennsylvania"
2026,EchoStar, Colorado"
2026,FedEx Freight, Tennessee"
2026,Flex Ltd., Texas"
2026,Honeywell Aerospace, Arizona"
2026,Lumentum, California"
2026,Marvell Technology, California"
2026,Veeva Systems, California"
2026,Vertiv, Ohio"
